,0,1,2,3,4,5,6,7,8,9,10,11,12,13,14,15,16,17,18,19,20,21,22,23,24,25,26,27,28,29,30,31,32,33,34,35,36,37,38,39,40,41,42,43,44,45,46,47
0,102,86,86,94,106,106,106,102,86,82,438,360,842,1058,224,298,174,134,130,460,234,226,110,102,150,128,108,100,94,84,86,84,178,256,346,174,248,278,272,178,260,484,406,420,456,194,200,190
1,188,184,170,68,178,74,174,86,142,120,92,146,126,294,158,92,88,86,86,80,66,70,76,86,88,88,86,86,82,100,264,188,150,132,108,96,128,236,654,686,678,714,508,452,454,512,406,516
2,518,412,502,314,364,266,352,440,386,378,370,368,366,356,348,76,76,100,98,96,92,94,86,76,80,82,86,96,96,102,104,104,82,82,84,104,106,106,262,612,930,630,770,734,626,290,276,276
3,286,282,282,272,268,262,266,268,268,266,266,268,270,484,86,82,80,80,80,80,80,80,82,80,84,92,88,92,92,96,94,96,100,92,84,84,86,258,188,140,126,484,592,554,592,324,94,90
4,100,96,98,96,94,94,92,92,92,90,90,86,382,82,82,80,80,78,82,86,84,86,84,88,90,88,92,92,94,100,112,230,196,110,126,120,114,94,90,88,90,104,192,462,394,334,328,324
5,322,322,318,322,328,328,330,332,328,330,326,326,94,80,82,80,80,82,520,640,572,456,428,326,258,254,252,250,250,250,304,500,148,160,184,172,140,140,334,572,384,396,406,412,402,376,558,320
6,424,216,194,112,116,112,104,100,98,96,94,92,90,88,90,86,86,86,376,236,148,144,140,142,140,138,176,178,142,144,144,150,168,202,150,148,148,160,152,148,268,342,342,320,372,346,522,454
7,350,336,330,326,326,326,226,82,84,82,80,78,80,78,76,76,76,76,76,76,454,120,196,70,132,112,76,162,66,128,116,88,156,70,154,106,104,430,586,518,450,438,414,448,488,424,208,104
8,188,184,176,172,172,164,172,164,168,164,164,160,1136,320,128,272,224,148,296,160,196,268,160,192,272,196,164,244,292,504,380,372,272,220,236,248,140,280,440,644,788,1076,688,644,620,624,428,172
9,156,160,152,160,148,148,152,152,148,148,144,132,128,1016,188,184,184,184,188,180,144,144,156,192,196,320,460,372,360,156,264,236,136,284,208,196,940,936,1256,1464,2504,2208,1668,1756,1300,1392,1844,988
10,468,384,644,640,252,160,156,152,156,152,152,152,168,812,276,164,168,160,164,248,484,372,216,184,180,180,176,172,172,168,172,168,168,168,168,164,164,996,872,776,736,648,648,632,636,628,628,632
11,632,644,636,628,324,160,152,152,156,148,148,152,176,844,156,156,148,144,148,148,172,476,364,224,188,164,168,160,164,160,164,168,172,164,172,168,164,168,168,168,164,168,168,408,740,1576,1340,1072
12,416,168,160,160,156,164,160,160,160,156,156,160,148,972,176,148,148,148,144,144,140,152,152,556,324,236,204,192,180,176,176,180,184,180,180,176,180,484,984,1148,840,944,976,628,568,596,524,528
13,520,516,520,520,520,516,520,524,520,520,520,512,508,504,508,576,540,368,216,204,192,192,236,544,624,484,164,168,180,176,184,184,184,184,188,188,188,188,188,188,184,184,180,244,648,644,676,756
14,180,376,124,364,136,348,540,368,388,376,300,184,368,120,364,132,348,172,228,180,176,172,172,164,148,152,152,156,176,184,184,192,192,192,188,164,164,160,176,1428,1096,756,1300,1548,760,512,368,148
15,356,160,348,136,312,188,200,292,164,172,260,244,172,264,580,1232,452,232,272,736,268,264,168,172,172,172,216,572,444,500,324,456,708,216,528,1004,604,1036,1184,976,960,980,956,1372,772,444,308,200
16,176,164,152,144,144,160,172,168,168,168,164,168,168,1040,224,628,588,408,376,380,356,140,344,132,320,152,352,124,772,376,260,180,196,292,380,160,708,1004,1224,1716,1372,768,628,1080,568,500,244,400
17,504,400,392,376,364,200,292,164,156,188,184,180,168,740,160,724,392,328,544,356,164,160,164,152,168,560,412,380,680,928,184,208,264,332,588,392,400,252,532,688,700,732,1164,928,1176,828,416,220
18,216,220,204,168,168,168,160,180,192,188,184,184,180,184,212,308,696,260,300,168,352,184,500,388,376,368,680,924,788,780,704,688,668,844,608,436,516,736,1368,992,1488,1216,832,656,684,616,332,296
19,148,148,188,196,192,188,156,596,336,364,224,204,200,612,184,660,416,576,648,360,152,360,244,300,348,804,436,344,340,264,248,376,600,396,776,608,1112,528,972,1584,816,888,1252,1044,1664,1020,252,232
20,152,164,212,212,196,144,140,192,200,196,176,136,140,212,480,756,1668,688,1256,764,440,216,600,1084,1420,1036,1176,1068,820,808,732,752,744,704,680,988,832,684,632,644,1264,712,964,704,360,468,452,408
21,392,384,376,372,364,356,356,352,324,212,352,288,236,176,288,304,224,492,496,708,1216,220,488,684,852,420,528,516,376,856,968,1000,1112,656,544,888,652,768,776,680,656,804,704,640,728,728,664,240
22,148,144,200,204,196,368,424,380,224,204,212,196,188,180,644,604,220,176,168,168,168,176,184,176,176,176,256,712,548,924,744,660,660,684,1296,1420,1692,664,1464,1828,1148,1812,1228,1688,908,468,220,192
23,184,176,172,164,164,156,160,152,148,148,156,144,148,144,280,1368,1396,440,144,140,140,156,400,136,136,136,748,312,352,168,156,156,168,416,276,664,584,1908,1780,1804,2140,2072,1960,976,896,680,764,256
24,176,168,164,164,156,160,152,144,144,144,140,140,140,152,180,236,276,272,268,928,180,776,164,164,544,560,796,260,612,188,508,280,520,552,612,748,740,1104,920,868,816,776,760,660,632,632,404,188
25,184,180,176,176,168,168,180,168,168,164,176,160,160,160,336,912,432,772,164,204,200,160,420,168,160,172,172,160,148,296,1276,544,396,840,156,308,1048,1936,1340,864,1576,1112,680,1444,840,756,668,192
26,164,156,148,148,148,160,164,156,152,160,160,156,156,168,208,1236,320,592,572,164,164,164,164,164,632,256,172,144,352,548,184,176,436,512,540,492,728,820,316,1288,2152,1704,1260,1204,1832,1540,1244,180
27,180,172,168,172,168,156,156,148,148,148,144,144,156,148,304,1312,616,848,328,148,148,156,156,248,816,616,500,192,692,696,1292,376,420,1096,412,608,616,736,728,780,336,792,1224,1228,1220,1212,880,720
28,720,716,720,704,704,704,704,700,700,708,700,584,164,160,180,204,288,1396,396,404,372,760,364,172,164,152,184,228,760,576,208,516,172,184,520,460,1100,2360,1524,1744,1916,2184,2060,1808,1100,1308,736,752
29,808,784,272,156,160,196,196,192,312,432,372,212,240,208,1292,940,780,536,144,136,140,140,136,140,140,828,872,852,804,868,676,188,172,768,1204,1324,1188,1292,1200,1268,1924,1016,1144,828,828,888,788,740
30,712,716,684,1108,884,788,760,736,720,720,712,848,336,164,164,772,264,704,240,372,184,160,152,156,152,152,184,320,1104,608,328,392,376,924,316,432,732,656,984,848,1020,928,860,488,1536,2296,1388,1544
31,764,736,732,720,728,736,736,732,732,728,728,724,740,724,764,1016,740,316,704,352,616,584,500,252,164,164,156,276,292,620,300,176,528,336,1328,1540,1136,1172,1164,1620,1632,1352,1104,896,820,784,572,260
32,164,164,132,128,128,132,152,152,148,148,152,144,140,140,128,832,308,256,176,180,168,816,632,696,700,220,476,672,388,260,172,160,404,424,1664,1840,1280,532,792,872,616,460,1356,1824,1744,1024,936,184
33,192,176,172,164,156,164,160,156,156,160,156,148,156,140,412,1636,304,336,192,148,148,148,144,148,148,148,632,220,464,656,384,204,252,496,472,152,152,152,152,360,1752,1940,668,552,516,1372,380,164
34,152,152,160,152,152,144,140,148,144,140,144,136,144,148,200,992,552,964,420,664,496,244,252,212,164,188,164,472,396,308,184,164,156,696,296,168,160,152,156,256,1692,1456,1568,1112,1052,1768,520,328
35,252,160,160,152,160,172,172,168,172,168,168,168,164,140,148,132,288,436,1736,1020,568,432,236,284,224,916,2612,2524,900,376,292,196,360,140,304,516,200,952,1624,1820,1556,1388,1552,1180,1552,1668,2028,1104
36,700,692,708,728,724,720,724,696,680,700,228,172,172,172,160,1204,436,332,204,200,540,372,324,248,196,180,368,1040,1040,1280,720,780,908,876,1608,1704,2056,988,1012,812,652,1084,1008,332,344,1040,656,196
37,160,148,144,180,180,172,176,168,140,132,136,176,392,968,424,216,532,244,180,136,132,132,164,180,164,852,396,156,144,240,180,184,580,148,168,360,548,704,628,440,436,784,1160,868,736,280,176,144
38,200,268,192,148,252,248,552,356,364,172,332,188,164,296,512,888,292,244,612,200,124,144,180,180,180,136,120,164,544,332,180,128,156,196,800,324,688,1836,1724,612,448,676,1412,852,1096,944,412,248
39,296,180,180,260,248,172,164,220,232,216,156,152,196,228,252,236,756,280,516,196,264,456,564,820,772,132,168,180,224,220,364,332,328,752,608,952,772,1212,928,408,1332,1708,1948,1680,636,204,188,180
40,168,144,140,140,168,172,164,164,168,164,140,124,128,152,168,1052,824,272,172,140,136,140,172,172,212,188,176,512,196,920,1320,940,1236,1440,1460,1288,640,1156,328,512,260,1396,1772,2044,888,1940,1992,308
41,168,160,160,156,152,144,144,144,144,144,140,140,136,140,152,808,1132,152,144,144,148,768,180,144,256,520,188,176,160,1044,1604,1308,1204,1164,1820,2436,2680,1212,748,672,688,760,1280,1912,1988,444,664,192
42,140,136,640,400,164,172,168,164,128,124,148,160,176,196,872,796,192,120,236,756,660,672,684,656,220,704,912,588,1592,1064,1004,760,856,692,1176,1156,1460,1116,972,1360,1332,584,552,744,772,820,184,180
43,176,172,168,164,164,152,140,136,136,132,152,156,156,164,212,1296,528,148,128,128,144,156,160,156,160,160,160,956,448,148,188,188,436,796,716,536,1112,1472,1380,292,904,540,1152,1372,1404,1396,828,168
44,160,160,160,156,152,152,160,156,152,152,156,152,136,160,184,940,488,592,560,760,1156,1232,1256,1272,912,880,252,176,468,548,172,516,716,444,996,964,492,504,364,428,672,956,568,424,1148,284,296,244
45,156,156,148,152,148,152,148,140,132,124,128,152,144,152,264,1316,572,184,148,124,124,700,140,164,148,152,552,488,788,152,204,344,472,376,1092,732,1088,1552,1752,2544,876,640,648,636,636,784,308,160
46,148,144,140,140,136,136,136,148,148,152,148,148,172,192,440,652,204,1024,216,656,604,456,272,180,200,664,240,224,188,296,684,396,524,664,300,392,692,720,696,700,992,1184,720,676,384,284,160,152
47,164,168,164,164,164,164,156,164,132,132,128,152,160,160,868,904,644,184,120,116,140,148,152,152,148,192,156,140,120,140,152,156,428,660,984,592,660,636,304,288,1732,668,848,1924,1820,1564,652,308
48,184,176,172,168,172,168,160,136,140,140,164,164,172,168,160,172,1404,332,196,204,196,200,140,1280,1712,1704,716,192,188,444,384,364,204,288,468,740,608,1404,816,728,908,1752,1720,724,720,720,432,304
49,304,168,156,148,148,144,148,152,168,164,160,164,160,160,196,528,488,1200,304,244,676,164,188,208,180,164,160,164,316,444,372,608,1368,904,892,880,764,1188,740,640,632,684,624,896,628,620,428,284
50,228,156,160,156,148,144,144,140,132,112,116,132,140,152,684,724,232,560,432,120,148,144,144,144,148,132,112,744,472,428,212,152,148,148,508,1092,1832,1740,1568,1820,1280,776,680,764,540,396,316,220
51,216,200,168,160,168,160,172,180,184,180,168,172,168,164,600,260,1000,332,248,144,148,156,148,148,152,1396,808,328,128,180,212,212,204,596,1644,2208,944,556,616,672,684,668,656,744,836,1084,452,164
52,168,164,164,156,160,156,156,156,156,156,156,152,148,160,280,848,268,228,648,160,152,152,168,156,152,152,304,676,656,216,180,172,172,172,172,868,904,632,652,1204,1304,1668,1144,1276,816,800,476,180
53,648,288,176,176,176,168,164,164,164,160,164,160,156,188,1248,684,368,260,188,184,188,184,180,184,268,940,500,376,464,384,560,336,244,216,340,596,752,788,1532,860,660,1452,940,1412,1676,352,160,156
54,156,156,176,176,172,168,148,148,148,144,148,144,148,180,168,960,332,796,232,156,152,152,152,156,560,320,156,152,152,148,148,520,372,528,600,1588,1992,660,760,760,1300,2316,1780,1556,520,492,500,448
55,144,152,152,148,148,148,144,140,140,136,140,140,144,144,144,300,1044,224,152,140,140,140,168,2276,1912,2036,1940,376,420,824,1540,1144,364,456,992,648,1232,452,184,168,164,160,164,160,160,160,156,152
56,212,156,152,164,160,152,160,152,156,156,152,144,140,148,144,176,268,280,1248,276,196,220,164,576,512,440,436,1572,1364,1756,1728,1568,2264,2408,2288,1448,820,672,656,1564,1736,1780,2116,1404,644,560,264,216
57,256,240,232,196,188,188,188,200,220,204,204,200,196,196,300,572,1148,592,616,300,168,168,160,160,928,1228,200,196,184,160,164,160,160,236,1548,1672,1296,1056,880,756,660,1404,888,692,1148,580,812,432
58,324,116,160,176,168,164,104,584,328,288,196,176,164,156,528,172,156,160,156,152,156,532,160,152,156,160,904,1172,1068,420,484,592,212,696,416,684,896,664,652,368,264,256,736,972,488,664,236,156
59,128,140,164,160,416,372,320,212,176,160,152,152,152,148,172,1348,824,308,540,444,148,152,152,148,132,136,132,132,140,152,156,148,152,304,624,776,1804,1884,1516,720,716,724,480,684,1324,664,436,208
60,180,156,144,504,368,220,192,180,172,164,160,156,156,268,600,356,304,944,160,204,812,672,320,252,216,192,192,848,584,448,196,480,252,236,444,716,952,1788,1884,1788,1660,792,644,324,412,1044,396,316
61,204,180,168,160,156,156,152,156,148,152,144,152,148,148,144,828,1480,488,152,1408,1272,892,652,460,356,304,200,164,164,160,156,172,176,172,172,172,168,164,168,312,652,1420,2096,984,776,472,592,440
62,284,168,164,156,156,160,152,152,148,148,144,144,144,144,140,812,1040,868,388,152,160,152,156,432,1684,1196,580,160,404,168,164,180,212,204,208,176,152,148,248,188,204,188,168,144,140,512,476,672
63,316,424,180,156,148,148,152,144,148,144,140,132,140,136,132,132,156,128,152,1912,1400,1400,700,924,500,532,172,872,196,496,200,196,620,1220,1208,1336,1008,960,1368,1180,944,1580,1828,1456,1728,1472,1096,400
64,248,180,168,164,536,376,312,520,436,256,516,532,220,460,512,776,1568,392,180,184,284,200,164,248,260,156,184,240,240,176,172,184,344,604,636,1020,704,768,444,1116,1496,932,1264,676,680,1080,768,188
65,216,204,200,188,180,156,152,148,152,172,172,168,164,172,224,1124,316,212,132,124,124,140,148,152,148,152,152,148,128,116,120,144,160,472,732,1348,2268,2000,2084,2040,1720,2380,1680,1316,484,308,256,172
66,168,172,204,192,180,184,176,180,172,168,152,152,148,152,156,1120,312,764,316,596,456,152,136,120,248,408,560,1388,512,488,220,172,164,820,440,540,528,560,676,720,1344,628,644,632,384,2152,988,172
67,156,156,152,148,144,144,136,132,132,128,120,140,784,180,152,164,932,312,160,156,164,156,144,136,136,132,160,836,168,168,160,164,632,596,1464,1620,1144,1336,1536,1248,1092,1048,1640,1692,1792,1796,1388,348
68,196,228,308,176,172,248,232,204,168,176,184,204,204,204,240,1532,316,292,560,612,640,1016,780,1120,1544,992,1004,668,724,732,728,700,1032,1476,312,352,592,612,680,804,1100,1308,1140,780,636,580,520,492
69,612,672,664,660,168,160,264,172,148,168,164,316,488,368,220,312,656,716,1376,620,172,168,164,156,160,160,156,940,548,324,576,324,992,1824,1568,920,796,804,1068,884,1488,1060,652,632,632,656,664,1548
70,676,168,168,156,136,136,136,136,532,348,220,192,184,172,168,316,268,268,816,288,568,656,148,140,144,160,164,160,720,1284,1808,1840,1104,184,780,196,1516,964,1776,1748,1072,1324,1392,1220,1172,1468,940,1248
71,884,692,368,320,200,208,292,192,168,200,216,204,192,184,180,168,184,284,292,468,252,248,876,616,156,1180,1204,1076,1088,164,220,288,244,236,228,412,480,480,1372,1692,1876,2132,1176,676,728,608,312,172
72,200,204,204,184,180,152,144,144,376,1224,1236,1260,1220,840,756,1736,764,352,608,368,212,188,168,164,168,184,196,196,860,728,340,380,232,564,256,868,480,568,616,496,424,656,756,564,888,1072,576,180
73,192,212,208,200,180,152,148,164,188,184,180,164,164,128,200,1112,424,256,160,156,164,148,120,440,664,1012,304,232,176,160,156,160,228,820,1788,1688,1980,1520,1436,1624,1184,1216,1344,2592,2356,1108,304,168
74,192,188,188,176,180,168,140,140,168,172,172,168,168,168,368,1356,2088,380,508,780,520,356,336,324,320,308,304,444,948,536,520,748,696,1004,880,588,652,1112,1436,1188,1160,1160,1188,1036,836,612,700,736
75,728,724,724,720,720,720,724,720,720,1348,764,1096,912,876,1284,1044,580,332,472,380,216,220,1336,436,332,288,1148,504,368,160,152,152,568,616,304,192,196,796,1388,1852,1680,1596,1380,756,680,1240,876,452
76,176,192,188,180,180,448,296,548,176,584,588,232,1060,592,932,1660,1568,604,972,264,556,228,452,916,516,544,512,180,172,172,568,540,400,508,576,1672,1396,524,588,1148,1700,1424,1032,512,804,800,348,224
77,196,192,200,488,840,224,636,196,596,180,596,188,564,476,284,676,288,756,340,964,196,172,172,168,716,272,232,1008,796,692,816,672,760,744,672,764,808,2084,1396,2508,1368,1856,1836,1696,1064,1120,1384,1324
78,916,836,748,736,732,724,728,720,716,712,704,268,160,200,160,1620,720,504,180,172,168,164,164,256,176,188,892,1324,648,668,656,940,1296,1136,1136,1556,3052,2328,2148,1396,1172,892,564,368,364,268,188,180
79,180,168,164,160,308,488,204,516,424,308,608,160,608,532,1004,940,1672,376,192,168,160,176,168,144,392,376,728,204,168,160,456,148,192,744,388,672,2588,2280,1808,1820,1640,924,2292,1648,2380,1920,1252,276
80,156,160,148,152,144,144,144,136,128,124,120,120,140,140,144,1028,292,172,720,236,320,776,344,332,336,340,828,244,204,144,140,164,152,588,800,2048,2176,1692,1544,432,884,1020,668,656,652,668,428,264
81,172,164,160,160,152,152,152,156,148,152,144,144,148,248,824,1012,516,508,176,160,156,156,148,152,148,152,172,1100,516,440,232,212,180,2452,1048,672,748,1136,1012,768,1304,2180,1628,432,472,968,320,484
82,388,372,412,288,516,168,556,192,528,372,256,444,524,184,668,1180,292,176,132,160,160,156,156,140,1196,756,784,692,176,140,496,616,1160,592,540,396,372,364,356,1368,492,752,896,356,348,356,852,360
83,352,348,352,348,348,348,352,352,348,348,352,348,352,328,324,428,1388,660,304,232,160,144,148,1944,1644,1568,1564,1736,496,804,420,312,308,304,724,1696,2112,1620,1280,1224,1396,1304,1268,1224,924,516,496,200
84,188,176,168,168,164,160,164,152,160,152,144,136,132,220,260,260,412,856,196,184,216,520,344,300,528,580,760,1480,664,344,304,672,1144,1160,324,1792,2212,1784,2060,720,688,792,704,736,692,332,316,240
85,184,348,184,188,296,220,176,184,244,240,212,172,172,228,232,340,1388,380,896,680,384,320,260,204,188,196,220,228,220,208,168,160,152,152,172,900,1748,1800,1832,1568,1292,1076,1236,656,904,656,252,152
86,148,144,140,152,156,160,156,156,160,156,132,116,120,160,1304,448,728,264,164,420,176,220,164,160,172,160,160,164,368,168,188,220,204,204,280,548,880,2192,1704,1524,336,1468,1468,1444,404,196,176,176
87,172,148,132,140,336,332,284,156,152,152,108,124,532,1232,292,580,604,240,156,156,200,756,1084,984,660,648,884,1088,944,940,900,648,648,652,1328,692,1412,2336,2028,1812,1748,1408,756,740,700,688,592,184
88,140,132,148,156,148,152,152,156,128,104,128,144,148,160,640,788,228,764,760,928,804,724,568,764,692,220,152,152,156,880,920,856,1204,1488,1320,1112,620,1384,2316,1684,1196,1576,1660,1404,760,692,172,212
89,212,204,196,388,356,548,196,576,200,564,156,948,412,1064,704,932,560,232,164,152,148,144,144,160,168,404,1108,400,176,292,228,160,236,260,228,164,628,1220,856,972,1452,1864,2012,1788,1488,476,448,392
90,736,360,324,208,176,164,160,156,156,160,148,148,148,148,144,500,868,556,552,432,120,120,124,144,140,528,200,396,1304,1328,1392,664,680,904,756,620,180,284,808,2160,1932,1660,2012,1224,648,708,1636,832
91,340,240,212,172,168,164,156,156,156,152,148,144,144,136,144,356,272,824,232,160,680,732,548,1324,860,200,172,188,240,244,184,152,184,204,208,200,164,148,160,192,188,188,1280,1912,1428,1420,172,404
92,420,364,192,164,156,152,152,148,152,144,144,148,140,804,144,148,248,928,176,144,152,148,876,672,1664,1296,788,800,1376,664,1288,1368,1012,976,1104,1616,1316,676,732,2188,1044,624,1120,344,524,296,280,180
93,540,340,240,200,184,164,164,160,164,160,156,152,156,152,1292,896,784,1072,660,504,880,344,144,460,152,148,144,116,120,144,416,624,992,1604,2292,1500,1188,1136,1264,816,880,1004,1388,1076,1064,1200,1024,216
94,188,176,164,164,156,156,152,156,152,152,148,144,140,140,144,160,232,1024,152,840,300,172,164,156,152,168,160,160,148,136,136,132,140,156,152,160,156,156,164,156,156,140,216,540,1304,1820,1236,188
95,196,264,480,364,212,188,172,164,160,168,172,164,164,160,164,204,852,368,276,120,120,140,388,168,404,1876,1904,1416,1344,1260,1472,1196,892,380,328,540,864,1700,1208,1488,1104,1160,1124,1364,968,752,296,284
96,592,320,320,220,188,192,172,164,164,156,156,148,160,152,152,180,200,280,276,1220,428,172,428,208,156,152,776,152,152,448,296,280,272,576,1440,1752,656,952,680,816,764,644,520,624,852,1264,1356,164
97,156,148,144,316,436,352,160,156,144,344,348,316,244,132,124,292,1472,1220,612,904,1320,944,1044,456,500,228,184,580,940,868,156,148,144,140,140,216,956,524,216,216,212,208,200,204,204,200,436,488
98,464,924,184,144,144,136,140,140,268,312,1200,1308,1196,1192,972,1188,1024,880,792,864,632,476,176,160,144,136,136,136,864,684,328,944,712,1080,700,1120,1028,692,984,780,988,812,1372,800,760,932,1672,416
99,308,180,152,148,148,148,148,144,148,144,144,132,136,132,132,340,144,604,200,516,328,240,212,420,304,148,148,688,156,148,388,552,320,1964,2296,2496,1220,928,1724,1940,1060,916,1244,876,820,760,504,236
100,152,152,208,204,204,180,152,148,168,188,192,184,184,216,512,380,640,720,1436,324,492,280,156,156,152,144,144,140,136,140,136,140,136,264,1328,828,868,836,848,672,1024,632,672,828,856,1320,664,192
101,152,136,140,140,136,132,148,152,156,156,148,148,148,148,152,252,1248,624,300,212,404,416,192,188,184,172,160,160,164,160,164,164,292,344,328,392,972,516,568,1612,1984,960,1776,1748,1468,1168,284,168
102,152,156,148,148,140,136,152,156,160,156,156,356,412,340,228,464,824,592,1052,584,696,380,204,196,188,188,632,832,496,524,492,2208,1684,1420,1140,1068,812,992,1016,1048,924,1236,1400,1268,1140,936,492,268
103,252,188,172,488,420,380,344,184,220,280,164,168,244,240,180,180,888,916,1072,768,720,712,716,748,756,756,740,716,716,752,764,760,748,708,700,2164,1932,1088,1304,1400,656,1484,1248,1972,2076,720,344,304
104,196,180,168,180,180,176,184,180,176,156,164,160,160,156,740,784,736,304,620,292,220,160,156,268,332,336,308,412,728,836,540,676,236,800,640,2084,1880,1656,1104,1688,1828,1732,2680,3084,2240,1388,816,344
105,324,244,204,188,164,160,160,156,160,156,156,160,160,152,272,272,272,272,364,1040,1912,1432,520,704,324,164,160,160,172,192,472,400,380,220,244,244,232,184,168,168,220,1684,1476,1528,952,292,296,244
106,160,156,152,144,148,148,160,164,164,160,164,156,156,724,156,364,732,260,152,164,164,168,172,172,164,636,292,384,228,168,448,376,348,688,260,540,720,1276,660,1024,668,708,760,420,876,476,316,188
107,160,164,160,160,156,156,136,132,124,148,156,156,156,972,924,524,120,648,244,272,164,188,188,168,144,832,672,472,496,328,944,232,476,316,216,340,920,648,776,704,1552,1732,2388,2348,1116,292,280,260
108,160,168,160,160,160,160,160,152,156,160,132,132,132,132,1388,1632,352,476,296,964,1328,1736,968,520,968,1012,924,1248,456,372,300,188,184,184,184,184,180,176,544,1432,1284,636,644,756,748,1104,156,176
109,156,140,136,128,132,128,148,148,148,148,144,148,140,120,160,1468,848,1140,144,148,144,424,232,144,156,176,164,672,404,384,220,196,220,408,436,444,1816,688,652,676,852,664,828,584,2116,1204,720,268
110,540,456,228,152,152,200,208,208,176,156,148,176,192,232,240,296,260,260,396,524,1256,1544,1544,560,460,792,696,328,296,284,280,280,216,332,1516,1300,868,1700,1032,392,812,1096,404,1192,1152,728,184,184
111,180,168,132,128,152,168,172,164,168,156,124,120,164,456,436,1236,672,272,156,156,160,152,156,152,156,952,636,928,540,636,788,480,296,200,188,468,932,2112,1784,1912,996,1040,880,872,1920,1168,852,840
112,192,192,184,180,176,176,392,396,364,200,180,172,168,188,192,200,228,732,808,220,236,184,216,228,228,284,276,712,712,552,580,648,336,492,432,552,1632,2252,984,728,1152,476,264,256,264,388,168,172
113,164,160,156,556,336,228,196,176,156,148,140,148,140,552,244,1784,568,420,140,140,140,136,140,140,288,192,292,264,832,168,468,168,164,300,512,532,544,756,732,676,660,1132,672,1248,1020,2224,364,208
114,186,198,188,110,100,96,90,88,86,86,82,82,80,104,204,708,158,138,266,182,72,76,74,70,74,76,80,76,76,76,80,752,618,596,596,492,450,430,306,714,246,150,150,150,284,402,290,236
115,194,184,100,150,114,90,100,114,112,100,78,78,78,108,280,578,380,122,72,74,74,74,72,72,62,62,62,64,72,70,72,96,78,154,388,650,532,570,998,1178,1088,1214,1156,606,832,520,518,398
116,390,382,366,362,358,358,358,360,360,354,360,172,86,112,620,520,286,224,80,158,146,76,76,76,100,228,174,128,148,82,102,66,96,74,220,306,248,550,322,210,606,454,748,964,646,566,360,344
117,346,338,322,324,330,332,336,360,426,134,62,60,52,50,402,332,264,466,154,52,44,44,664,570,764,258,56,170,124,56,48,48,54,264,82,60,58,58,50,456,988,576,356,362,310,386,212,48
118,27,27,157,320,229,153,162,140,135,118,129,124,392,188,286,178,130,193,103,26,23,22,75,390,382,205,314,101,26,26,64,61,157,623,270,205,289,254,150,133,182,58,61,299,222,194,170,172
119,171,170,166,161,163,167,168,166,166,164,160,160,164,167,164,160,42,22,211,166,174,169,64,23,27,28,273,27,27,25,26,25,24,23,124,123,444,483,488,310,283,259,244,380,240,187,147,31
120,29,58,54,54,50,52,50,42,48,42,48,50,42,58,82,464,216,162,44,42,46,50,40,42,54,40,42,50,44,42,48,46,42,66,86,200,272,434,300,638,754,386,310,300,424,264,160,114
121,112,84,58,58,54,52,48,44,42,56,42,42,54,50,58,680,206,196,52,42,42,52,42,42,46,172,44,42,60,48,56,56,64,54,64,112,700,1100,1068,1490,1080,886,968,1322,1296,1150,668,402
122,404,388,332,326,336,338,338,336,148,60,54,50,54,98,152,920,160,140,44,50,42,42,52,58,498,96,54,52,56,42,46,48,364,216,94,276,808,954,616,296,318,262,432,758,388,122,66,54
123,52,58,56,56,56,52,56,44,46,56,44,46,52,224,454,270,72,74,82,74,226,698,478,348,368,642,480,420,382,726,836,868,1094,746,838,1104,828,808,798,786,536,862,1008,1146,982,374,336,332
124,344,350,348,338,334,334,334,336,167,335,336,334,333,552,685,553,323,115,79,65,60,58,56,53,51,117,299,506,582,461,336,185,254,263,184,208,164,243,165,172,610,839,615,586,532,465,622,523
125,304,282,262,148,236,292,288,212,142,278,294,404,150,294,334,512,756,396,370,108,236,254,178,204,580,110,428,748,524,318,262,230,204,298,334,416,590,762,604,544,540,586,658,698,652,616,564,652
126,634,396,104,108,86,62,448,246,112,300,428,404,198,284,316,276,176,678,186,340,422,266,146,106,90,102,372,562,390,302,208,274,168,234,258,456,670,214,170,222,402,574,276,180,132,112,104,86
127,110,82,102,104,76,194,102,98,62,56,48,46,44,46,44,470,302,212,152,94,94,96,94,94,94,94,94,92,94,238,434,232,166,310,1066,708,724,774,800,184,380,460,454,420,368,220,104,104
128,104,94,82,96,96,96,234,148,122,102,90,88,88,86,412,344,356,156,90,96,188,86,84,96,94,216,368,346,86,96,122,48,58,56,526,130,294,778,154,338,504,338,380,422,88,100,100,98
129,86,84,98,96,94,80,88,94,94,232,150,116,100,96,96,182,668,368,94,82,134,422,646,282,150,210,412,204,122,104,102,104,130,156,116,132,252,248,466,346,238,392,664,852,866,404,310,218
130,144,110,108,104,104,102,102,98,100,96,96,98,88,100,566,160,358,268,112,106,352,144,158,114,92,92,104,94,92,288,220,220,196,744,862,1074,990,1024,944,642,404,612,614,322,316,320,224,140
131,102,110,112,108,86,96,104,102,96,86,98,102,100,464,276,480,426,374,194,102,96,86,142,102,890,858,1200,952,340,338,336,346,348,350,354,342,500,448,512,416,368,374,596,430,352,348,284,162
132,166,152,110,100,90,100,102,100,100,92,86,98,100,96,174,726,178,126,96,94,96,84,86,220,94,94,94,90,86,90,96,96,262,98,94,94,86,86,94,94,94,236,164,318,1140,852,436,96
133,90,96,102,102,100,88,88,100,98,98,88,90,90,90,94,168,232,174,1330,790,690,222,142,104,102,90,86,100,98,100,100,84,90,100,106,314,766,1002,994,898,898,968,746,372,200,110,114,94
134,96,108,104,98,86,94,100,98,96,84,62,48,48,56,524,874,908,452,124,108,106,90,118,554,162,128,150,166,104,92,62,62,62,80,300,110,258,656,440,430,760,514,700,582,726,360,822,644
135,284,412,324,144,368,276,104,100,90,96,104,102,100,92,94,518,236,122,100,86,628,220,58,58,48,42,56,54,546,454,410,502,664,696,856,1312,558,474,446,516,418,428,442,898,862,670,196,104
136,110,106,104,104,102,100,100,102,100,94,94,90,92,102,90,112,674,166,534,374,398,308,106,102,80,98,258,648,738,530,512,412,400,636,486,1074,1128,996,434,502,410,396,384,374,524,336,332,100
137,102,98,100,98,88,88,96,98,98,94,90,90,90,120,88,504,198,226,90,92,100,90,90,102,92,236,148,136,104,100,100,154,210,250,364,276,254,376,376,394,634,550,352,318,168,202,88,104
138,106,102,92,84,96,100,96,98,86,86,98,98,196,228,100,234,306,114,88,86,88,96,238,990,386,206,94,272,102,100,98,92,88,90,358,100,200,356,252,208,596,688,860,686,676,654,300,308
139,198,256,336,276,142,338,334,156,272,330,172,238,316,136,708,460,478,364,346,194,108,94,98,106,478,812,678,490,598,734,586,216,234,192,334,346,986,362,626,436,782,656,572,488,596,566,384,214
140,106,90,90,100,100,98,92,84,96,98,234,148,140,90,242,166,160,748,250,146,330,290,484,426,394,582,470,300,58,440,190,182,156,198,404,350,584,894,878,862,878,538,722,346,360,364,346,92
141,90,112,108,102,86,250,152,142,94,108,106,96,86,346,496,252,300,174,86,96,102,102,94,86,94,100,100,102,90,90,100,100,102,220,120,162,356,768,746,818,524,332,360,166,300,190,312,218
142,204,198,110,122,96,90,108,106,86,88,102,102,90,90,656,168,292,142,270,192,52,60,56,48,86,362,150,170,92,86,96,102,104,548,444,950,882,704,504,294,284,664,416,438,398,586,322,104
143,122,110,98,112,118,104,94,112,116,104,96,102,110,122,152,516,136,136,230,146,142,98,108,116,106,94,94,100,104,102,102,96,92,266,210,162,310,372,564,406,550,386,374,286,278,150,104,88
144,100,106,106,88,90,104,102,100,88,92,108,106,94,284,730,556,426,300,136,130,212,84,78,70,98,60,292,184,86,124,68,132,366,196,170,150,380,464,562,574,496,382,412,336,298,348,342,294
145,106,60,56,48,200,106,86,64,52,48,48,44,58,46,462,298,84,276,208,44,52,50,44,752,566,562,530,64,232,54,54,54,48,324,156,52,50,54,184,698,550,546,594,666,890,1270,816,318
146,96,198,100,90,62,54,50,50,48,48,52,52,46,56,72,428,114,112,106,108,208,154,372,66,52,46,42,48,54,52,194,142,296,304,210,588,764,882,460,434,690,162,118,304,598,322,146,130
147,126,118,66,56,52,58,56,56,56,56,50,44,48,58,50,412,146,96,48,48,58,378,54,56,54,44,44,54,56,54,660,354,478,636,874,910,682,202,118,952,626,596,418,314,308,144,84,64
148,60,58,56,48,46,46,52,54,52,52,44,44,52,56,86,410,238,82,62,48,48,58,52,46,52,110,312,208,150,160,120,86,210,104,100,350,378,370,372,408,250,194,280,960,828,324,324,66
149,58,60,52,48,48,48,50,56,50,48,46,46,54,218,276,174,148,222,516,304,116,104,102,106,80,238,372,536,282,124,50,48,162,46,48,334,620,278,294,352,354,308,298,416,128,74,56,56
150,48,52,52,52,60,54,48,48,48,54,54,46,48,56,616,478,380,166,52,54,54,58,60,78,116,54,52,58,200,104,66,52,60,292,748,472,270,318,324,310,610,846,340,336,350,268,166,58
151,48,50,56,60,52,48,48,58,54,48,46,52,58,88,542,48,54,52,46,50,44,46,50,194,104,68,58,50,48,52,58,48,182,136,60,376,648,700,762,588,170,288,210,390,604,432,352,352
152,358,364,358,352,346,262,54,56,44,52,50,42,48,474,122,370,312,86,48,52,198,112,68,66,54,52,52,58,60,54,50,52,54,62,218,62,184,260,64,88,622,542,308,374,382,362,344,342
153,220,48,52,50,50,48,50,48,44,46,48,50,48,56,106,162,108,1258,702,572,134,216,268,52,60,64,60,582,368,162,160,122,234,60,244,60,58,356,308,212,200,198,422,286,804,602,302,58
154,56,56,58,56,52,50,44,54,48,54,198,110,58,54,122,446,196,326,762,296,118,370,84,76,106,56,54,48,48,48,48,56,54,46,170,118,138,378,380,396,420,666,450,358,214,58,54,52
155,58,58,48,48,48,46,48,54,54,194,108,64,58,50,696,194,288,180,46,46,56,50,52,52,50,48,48,50,46,48,50,48,52,172,220,126,400,204,342,776,718,674,648,738,586,70,74,66
156,198,108,76,76,58,54,82,70,52,68,78,60,52,374,262,74,52,58,56,110,692,222,56,50,50,52,60,58,60,328,140,68,318,246,164,112,254,248,72,80,58,244,308,242,124,74,66,56
157,54,54,54,60,60,58,58,58,58,52,50,50,52,76,118,116,490,386,216,550,314,380,86,134,58,628,136,88,66,244,400,472,254,252,300,318,318,318,420,248,302,240,576,402,476,82,52,52
158,52,52,52,50,48,52,50,50,52,50,50,54,52,52,118,470,128,226,74,56,152,120,200,390,484,432,188,334,132,74,88,96,118,110,122,184,252,324,396,512,348,320,276,136,84,60,58,72
159,76,72,64,178,120,104,98,62,56,64,64,64,62,62,74,740,206,134,268,322,66,62,62,62,58,56,50,52,54,58,60,60,62,158,60,56,302,716,824,638,658,328,902,564,430,492,64,66
160,64,62,56,56,54,52,56,52,26,53,53,53,53,53,70,100,292,329,146,223,199,55,52,51,118,298,403,383,373,374,345,189,147,167,109,149,209,337,320,170,136,114,92,73,55,54,53,50
161,47,46,46,50,50,50,50,50,50,50,50,54,48,44,74,66,50,412,344,112,66,92,410,498,224,328,392,112,56,52,52,64,94,128,350,134,336,670,336,370,452,642,390,312,412,134,56,52
162,50,50,54,52,52,52,50,50,50,50,44,40,46,50,48,812,116,42,220,164,42,294,184,54,48,52,52,54,54,70,86,208,96,334,66,96,134,212,478,430,318,430,602,602,508,58,54,54
163,52,52,50,50,50,50,50,50,46,46,44,46,46,386,114,290,202,248,50,48,150,84,50,48,50,50,190,564,258,162,72,62,60,202,578,388,264,458,362,566,478,334,282,122,110,54,56,48
164,48,50,48,50,48,48,50,48,48,50,50,52,50,70,74,504,494,84,50,50,48,190,104,60,238,138,58,54,52,52,52,52,52,186,54,162,318,398,318,390,544,242,322,238,302,244,86,54
165,52,50,50,52,50,50,52,48,50,48,50,50,50,392,412,274,88,96,62,52,52,378,50,50,586,572,230,588,350,230,124,118,116,72,196,86,126,268,410,378,682,372,346,488,238,122,118,106
166,56,52,50,46,44,202,108,60,56,44,54,46,50,68,618,266,70,332,62,58,46,62,126,138,128,124,50,50,50,52,48,50,50,52,50,50,50,50,50,456,1164,1204,620,272,322,172,132,88
167,48,48,48,48,48,48,184,108,60,54,54,52,52,92,116,116,550,758,674,628,466,386,194,56,444,214,382,376,372,446,58,118,130,286,358,506,308,238,242,236,236,236,284,260,238,238,302,342
168,348,500,230,324,158,68,64,62,58,48,58,48,56,50,54,52,50,96,188,56,190,268,44,98,58,50,134,416,516,128,126,64,56,354,152,328,656,300,556,632,336,442,754,422,372,102,54,68
169,186,102,60,58,54,54,52,52,50,52,50,50,48,50,168,422,256,118,54,52,50,50,50,50,50,50,48,50,48,50,48,62,106,346,660,294,302,264,350,406,598,698,774,400,324,296,342,304
170,96,54,52,50,50,50,50,50,24,48,48,47,47,279,393,174,157,234,137,95,261,218,52,48,48,48,236,677,809,627,626,375,108,164,145,142,267,508,873,778,500,599,656,606,392,142,68,65
171,50,46,56,56,52,58,44,44,54,56,56,54,46,414,278,340,100,72,48,46,56,58,58,144,328,136,486,410,342,298,296,300,304,412,134,128,154,302,326,292,652,926,270,284,184,128,138,136
172,134,134,122,122,116,62,58,56,52,42,48,54,54,290,256,126,80,48,54,52,54,98,160,98,54,48,54,96,222,52,126,56,126,54,52,126,180,216,356,288,184,456,174,110,120,114,56,54
173,54,52,48,42,44,50,52,50,50,50,48,42,52,74,144,1002,548,284,152,54,50,60,66,64,214,568,464,222,232,72,86,218,54,92,274,74,86,112,140,394,204,140,120,134,124,104,300,172
174,174,110,44,146,152,98,52,72,74,48,54,68,64,42,50,64,126,388,628,208,362,134,788,668,204,202,200,498,124,112,136,254,172,208,150,182,166,168,256,308,290,388,164,246,162,120,90,60
175,60,56,56,46,44,44,56,56,58,54,42,44,54,54,54,554,204,206,118,146,158,348,180,246,438,508,510,486,456,468,404,144,68,62,106,128,118,184,372,160,176,180,226,236,200,118,104,44
176,44,52,52,50,52,50,42,40,46,50,50,48,48,54,60,78,128,126,550,478,104,112,74,52,204,134,104,46,132,134,152,100,198,432,306,694,410,220,494,122,566,886,938,630,254,68,64,54
177,42,52,58,58,54,44,40,52,52,50,50,48,40,42,74,580,78,52,48,38,40,496,124,94,52,48,412,350,116,70,66,224,64,180,50,164,90,66,58,136,52,50,50,50,52,726,304,72
178,70,56,54,52,50,46,48,46,23,46,46,46,47,50,50,66,101,431,512,254,176,126,132,135,171,251,211,111,72,59,59,51,51,51,51,96,215,265,263,302,267,501,572,294,316,353,304,252
179,130,58,54,52,50,52,50,48,48,50,48,50,504,128,294,148,106,64,68,54,54,404,402,628,154,114,126,60,64,60,60,58,60,66,314,118,138,172,506,272,372,356,350,526,292,122,226,156
180,70,62,58,58,54,52,52,50,50,50,58,50,48,50,50,72,70,56,248,358,198,118,76,60,58,54,54,54,54,58,56,56,362,66,74,64,66,162,538,762,744,530,560,216,138,50,50,54
181,50,50,52,52,52,50,50,50,50,48,48,42,52,178,96,116,638,112,204,50,56,70,304,86,212,136,126,308,124,120,122,152,386,156,156,142,336,930,808,1164,838,634,262,116,172,120,96,54
182,50,50,48,50,48,52,42,52,40,52,42,50,188,98,86,98,752,224,330,350,222,50,48,46,48,48,48,48,48,50,52,108,356,526,130,140,176,272,934,332,774,624,538,122,118,124,116,118
183,86,52,50,50,48,50,48,48,50,182,100,68,58,54,50,160,368,388,92,88,296,198,232,226,228,226,226,224,222,278,500,304,208,148,146,136,124,332,220,300,302,672,660,498,438,130,114,60
184,58,58,58,56,190,112,66,72,62,60,58,56,54,432,332,56,56,202,244,126,58,58,56,54,52,54,52,54,54,54,54,108,132,148,206,128,134,206,306,342,382,336,224,266,492,144,88,58
185,54,53,52,51,50,52,54,54,53,52,52,51,51,62,69,92,210,284,338,257,153,235,187,118,205,281,320,359,328,175,57,57,55,60,127,156,133,161,215,188,123,163,164,142,170,137,73,54
186,56,54,52,52,52,52,52,52,26,51,51,51,81,247,226,106,136,119,227,231,124,99,65,79,173,195,96,55,56,56,56,77,127,205,217,161,152,223,416,538,499,552,476,346,368,425,434,354
187,208,54,58,58,54,54,54,52,52,52,52,48,266,132,62,56,392,136,100,52,50,84,176,98,58,54,56,52,54,52,52,54,52,418,246,132,128,140,232,254,200,116,124,178,190,170,62,52
188,52,50,50,50,52,52,54,52,54,52,52,52,96,182,102,76,700,102,454,76,52,52,52,52,48,50,50,52,50,50,418,358,530,354,462,656,418,140,128,124,180,228,184,552,60,54,52,52
189,50,52,50,58,52,86,164,98,56,52,52,48,108,122,482,116,292,274,352,282,48,50,48,48,74,294,654,700,354,192,56,54,56,144,456,572,246,244,296,292,368,1268,468,120,88,44,54,58
190,110,160,100,82,60,44,52,58,56,54,46,46,54,366,488,238,96,46,56,54,54,44,42,376,384,164,58,48,42,54,56,370,568,550,448,394,340,408,222,344,506,660,642,100,62,58,56,52
191,52,50,48,48,48,48,48,46,50,48,52,42,60,342,412,50,42,42,536,96,46,44,46,48,46,242,50,48,48,48,48,144,86,82,84,298,388,320,920,712,662,680,614,398,66,54,54,72
192,52,52,50,52,52,54,52,54,50,52,50,50,56,76,352,56,380,98,64,52,50,50,50,70,62,518,58,48,50,52,50,374,50,178,256,160,122,370,308,236,176,244,314,230,56,54,54,54
193,48,56,52,48,48,46,48,48,50,48,50,428,88,300,164,94,58,54,48,48,218,294,298,300,304,302,298,294,388,376,358,662,506,328,324,628,626,296,170,700,910,374,236,70,58,54,52,56
194,58,58,52,50,48,50,50,48,28,55,50,218,250,228,225,102,75,50,50,49,49,49,50,52,53,108,139,97,69,57,53,53,54,55,55,54,52,50,249,682,700,641,810,890,580,157,113,84
195,54,52,51,50,48,47,46,46,47,47,46,46,46,75,110,291,371,429,649,666,384,261,365,269,120,60,58,57,53,49,49,50,54,54,50,49,50,53,52,51,51,50,51,51,50,50,51,51
196,50,50,50,48,50,50,48,50,48,48,50,46,50,50,48,50,50,48,50,48,46,48,46,48,48,46,46,46,456,420,386,420,236,366,174,78,56,182,386,214,226,302,288,226,106,74,62,60
197,56,50,48,48,48,54,52,56,50,52,52,54,70,414,72,60,48,52,50,50,54,52,52,56,108,112,54,54,60,60,214,256,226,182,144,266,180,266,190,324,354,428,244,238,192,124,94,66
198,64,62,58,50,50,54,58,58,29,57,56,79,299,275,51,54,59,127,151,84,61,59,58,57,56,58,56,50,49,52,57,72,187,170,75,279,455,327,194,260,423,601,373,56,57,58,59,56
199,49,46,51,55,54,54,53,48,118,149,85,62,68,128,264,204,52,55,92,215,190,63,109,224,171,53,50,49,51,109,249,451,358,189,249,212,199,200,189,284,366,345,264,138,53,52,53,51
200,53,188,102,58,54,54,52,52,25,50,51,50,206,354,210,67,55,51,50,50,51,51,50,49,47,131,136,56,53,63,110,242,507,481,296,595,688,482,310,394,589,489,413,368,259,113,58,56
201,55,53,53,52,51,52,51,53,55,53,53,53,53,53,167,376,267,60,70,210,240,97,50,50,93,194,153,54,54,54,77,134,184,132,66,66,63,61,151,282,320,336,346,260,160,118,78,57
202,56,54,56,54,52,54,52,52,26,52,52,52,52,54,102,284,367,200,70,54,54,68,105,219,378,345,244,291,241,378,462,273,196,325,416,417,398,345,505,563,437,367,323,201,88,59,59,56
203,55,54,54,50,52,50,52,50,50,50,48,52,52,54,76,118,490,74,166,150,88,58,54,52,56,54,54,52,172,440,394,426,330,174,634,816,680,440,166,330,322,558,440,374,234,54,52,54
204,52,52,52,52,50,52,48,48,50,48,48,146,456,146,392,242,236,60,56,56,54,54,160,132,72,116,58,56,154,58,56,418,84,120,122,132,132,126,136,300,664,188,346,316,54,54,52,54
205,54,53,104,139,108,77,58,53,51,51,50,195,193,162,182,73,57,53,52,52,52,53,54,53,52,52,53,226,276,187,181,202,164,96,123,119,118,118,133,230,332,287,139,120,143,84,62,56
206,53,52,52,52,50,52,50,50,50,50,50,48,50,558,222,74,58,54,56,100,154,106,54,296,52,64,62,64,56,66,64,58,182,64,130,272,470,446,456,438,632,626,680,384,372,354,346,338
207,336,336,336,334,337,339,337,336,335,334,199,234,296,170,108,154,248,152,52,52,52,53,121,195,283,398,325,170,92,71,200,242,282,273,201,232,309,557,781,718,533,458,427,426,426,424,422,421
208,389,338,340,342,342,346,148,66,64,64,62,282,172,566,202,70,52,54,54,58,56,56,56,56,190,106,62,62,60,60,60,400,86,64,62,60,52,640,362,164,88,58,62,62,60,58,58,50
209,48,50,54,56,54,54,54,54,54,46,46,56,116,472,344,136,64,186,106,82,62,50,46,46,52,54,54,54,52,54,46,46,44,50,52,106,124,118,110,302,330,178,192,170,60,52,54,54
210,52,52,52,52,48,46,44,50,50,50,50,52,188,342,168,318,418,636,338,130,128,294,168,74,122,128,288,266,76,220,60,62,714,176,192,164,370,490,404,176,574,498,204,160,124,56,64,188
211,98,52,52,60,60,58,48,44,50,56,56,516,84,350,302,272,238,136,50,46,52,58,64,88,292,206,144,104,68,78,172,108,122,174,112,168,254,766,506,464,650,512,338,98,60,70,70,66
212,60,56,54,52,58,58,58,58,56,56,56,300,108,330,80,64,64,60,58,54,54,54,54,54,56,264,232,64,58,58,106,176,126,88,226,156,164,106,252,528,380,310,542,124,138,122,110,110
213,122,120,118,64,56,56,58,56,62,60,58,62,350,262,182,130,72,106,358,132,166,104,252,202,104,80,64,78,92,76,72,268,144,242,232,334,402,344,284,208,312,614,352,332,106,64,60,70
214,72,66,52,52,64,66,118,156,100,60,68,68,86,412,250,216,56,44,64,68,46,42,60,386,58,46,446,306,136,148,308,62,82,128,148,218,118,346,144,180,128,166,158,126,134,238,112,92
215,54,48,68,66,44,48,64,60,42,48,384,110,68,382,332,338,50,40,58,58,54,38,54,58,58,60,48,66,470,62,60,108,148,128,422,714,660,460,186,316,352,394,136,164,170,174,174,160
216,166,178,178,154,116,62,60,44,46,58,56,50,38,52,120,636,218,358,282,128,102,44,44,56,260,342,92,356,456,614,324,318,142,162,124,146,240,202,224,436,792,438,400,228,236,214,156,132
217,126,80,60,40,64,64,38,50,62,54,36,66,124,826,84,88,72,46,54,68,60,46,44,62,190,102,90,58,52,66,74,54,298,424,464,492,486,560,458,490,700,454,374,398,366,326,80,58
218,78,56,48,72,70,48,54,70,66,48,54,74,106,534,222,126,106,80,60,90,50,88,276,296,118,102,162,104,86,86,54,74,82,186,142,200,120,378,440,442,466,434,434,152,76,52,198,108
219,96,56,88,50,60,78,52,54,78,56,48,622,92,48,358,154,64,46,74,66,46,60,284,134,232,146,282,290,210,130,116,418,758,182,366,406,236,196,204,208,172,282,580,676,472,72,68,68
220,58,44,54,60,62,144,44,48,58,56,56,54,48,552,310,102,60,62,56,46,328,350,356,360,802,1102,894,504,416,340,334,300,298,324,340,138,334,206,326,352,406,380,422,348,478,136,80,70
221,48,46,62,60,56,44,44,52,56,54,56,112,390,54,54,54,52,52,46,44,78,166,96,54,56,60,158,166,412,54,168,126,72,522,148,144,158,350,442,516,672,786,344,312,110,46,48,60
222,60,58,54,44,44,48,54,52,52,60,48,44,44,628,162,84,54,54,42,86,156,94,52,48,58,56,56,50,42,42,54,54,58,50,42,44,56,54,54,44,40,46,156,242,136,102,578,176
223,308,298,56,284,194,134,300,56,292,82,262,250,70,272,52,298,156,522,86,168,390,266,258,192,124,150,98,56,58,282,274,268,118,152,136,138,134,208,432,324,370,206,264,226,204,122,76,48
224,256,48,252,248,70,238,256,248,122,184,260,278,286,694,310,52,232,122,86,66,64,62,130,142,140,112,98,58,258,284,208,246,374,140,58,74,82,198,440,692,436,944,666,340,320,298,164,70
225,62,48,48,60,62,62,52,48,48,58,58,62,172,468,204,98,58,62,68,62,46,48,58,60,62,264,122,164,258,72,52,96,290,162,110,128,318,784,428,382,492,492,402,82,62,56,58,54
226,48,46,44,52,52,54,52,54,46,170,110,120,66,556,302,92,56,56,60,60,54,54,46,46,46,50,112,154,148,48,236,100,58,88,46,84,138,174,126,470,500,308,310,492,238,154,66,60
227,56,56,54,56,54,52,52,50,50,50,50,50,50,436,246,456,330,360,178,50,50,222,278,570,104,82,62,212,66,62,188,268,104,94,48,46,62,56,142,292,252,228,204,208,144,94,74,38
228,66,68,34,58,62,40,58,66,38,58,64,36,60,62,522,66,64,64,34,66,342,196,398,512,246,126,90,78,98,204,376,166,188,126,148,206,484,254,188,254,218,232,154,156,126,64,64,50
229,40,62,44,44,60,40,54,66,28,64,54,42,230,452,252,124,198,294,182,64,62,84,32,272,58,44,42,58,48,36,58,54,30,56,58,32,48,58,44,120,180,336,344,734,250,186,154,126
230,62,32,56,60,28,58,58,28,56,56,40,76,120,114,232,594,138,316,76,66,234,240,40,54,82,414,392,112,108,90,126,250,190,102,150,146,136,142,494,148,484,414,180,256,54,46,52,52
231,54,54,48,40,42,52,104,156,98,60,50,46,48,52,58,78,522,258,176,142,60,82,214,68,234,552,378,568,540,260,264,260,370,318,96,126,416,490,612,436,138,344,444,254,110,120,62,48
232,34,58,58,94,150,100,58,66,48,40,58,58,40,50,622,228,290,54,46,54,50,50,50,44,42,70,160,230,286,434,218,128,100,76,160,150,212,438,390,288,152,256,188,206,122,62,64,118
233,274,160,46,54,60,62,54,44,44,54,54,56,54,46,416,166,90,56,156,228,214,124,190,152,152,146,284,422,156,124,140,316,246,278,248,166,140,314,200,166,320,258,124,140,108,60,62,82
234,52,52,74,62,46,62,68,56,44,60,64,58,44,196,484,172,146,126,128,152,338,426,284,404,184,242,60,50,270,126,104,380,134,104,54,66,118,608,212,424,760,744,340,54,44,60,60,54
235,42,50,58,56,42,40,56,56,54,38,48,62,82,316,126,188,114,90,44,46,58,58,46,38,54,64,168,208,174,110,70,86,110,100,68,60,48,58,166,474,438,632,708,546,306,58,46,58
236,66,66,48,48,62,60,56,44,50,60,60,72,606,180,180,106,96,66,50,46,64,62,54,44,56,70,64,190,280,102,394,204,98,116,78,66,52,104,78,50,58,74,64,48,96,72,58,48
237,68,68,56,46,64,64,78,78,50,184,94,88,96,552,212,532,434,80,222,194,66,54,106,138,198,312,554,578,576,568,840,920,904,856,660,958,1080,392,176,280,448,388,458,138,104,94,90,90
238,88,88,88,90,58,58,50,60,62,56,42,300,590,144,142,120,126,144,336,392,382,360,356,364,378,448,92,72,100,168,512,284,302,422,140,128,146,182,300,286,248,446,216,150,130,112,120,42
239,62,66,36,70,54,42,68,52,44,66,48,46,78,514,242,120,52,46,66,42,48,64,38,54,64,34,194,118,286,116,210,232,166,134,158,192,140,104,234,182,190,298,288,276,176,84,74,102
240,80,70,94,88,66,82,92,76,66,96,92,232,686,368,194,224,104,254,92,132,60,44,66,68,386,64,260,308,450,388,330,144,70,76,116,112,162,310,588,394,342,364,366,300,202,64,64,62
241,52,50,48,48,54,56,54,54,54,54,190,148,62,490,160,186,52,330,66,68,64,64,64,58,300,72,146,140,158,124,238,106,204,170,172,190,144,196,192,194,188,516,128,170,114,154,296,224
242,108,96,48,86,52,54,76,42,56,72,44,338,136,52,96,40,90,42,300,84,90,198,414,460,566,600,748,1042,1038,1014,1042,1116,1190,1194,1170,1128,1112,966,910,892,1174,486,94,348,350,122,98,60
243,82,66,74,62,76,56,82,44,96,42,84,86,80,602,144,90,104,436,118,106,100,100,48,100,380,786,632,1050,846,734,822,636,492,84,46,94,50,74,326,238,208,408,154,152,110,128,134,68
244,80,52,50,80,194,102,80,60,42,70,64,38,62,76,592,422,288,142,308,72,38,58,72,96,116,112,342,140,394,400,376,384,388,188,262,514,508,526,660,580,288,428,396,342,348,520,220,144
245,96,44,70,58,36,64,62,32,58,62,38,48,60,362,108,64,46,258,200,378,262,376,434,478,514,468,426,462,314,272,242,92,280,314,338,454,348,310,178,148,158,606,788,204,280,210,188,166
246,156,182,166,50,62,60,34,56,62,38,50,68,466,314,204,224,108,66,52,38,64,54,36,60,62,52,38,64,62,36,56,64,302,132,124,198,414,492,514,544,296,318,566,132,144,160,96,60
247,68,44,46,62,52,34,58,56,34,48,54,52,54,606,306,588,58,60,34,48,58,42,40,56,64,32,220,118,100,32,56,74,48,48,66,122,424,124,322,222,144,94,110,404,124,68,32,60
248,62,34,54,60,36,50,58,42,44,58,46,38,438,352,42,100,52,52,52,50,338,70,286,52,48,50,48,48,46,48,266,64,80,148,430,506,642,472,226,200,306,388,556,194,158,90,54,48
249,48,56,54,60,52,46,46,58,58,58,118,552,272,156,116,60,50,46,158,302,304,304,298,388,358,322,304,302,300,300,448,294,290,112,250,314,308,428,428,350,556,502,346,318,310,230,56,56
250,56,48,48,46,50,56,54,54,54,52,46,46,452,338,72,60,60,54,48,48,46,52,56,58,166,102,94,78,120,70,78,226,108,68,64,66,150,100,76,70,52,58,74,64,52,220,148,74
251,58,50,56,68,66,50,50,56,64,66,50,48,580,92,70,208,96,328,660,724,570,518,476,560,486,498,516,582,630,716,718,1142,1030,898,734,754,612,184,112,122,232,432,472,326,304,304,214,132
252,66,58,200,92,82,64,52,50,50,48,52,54,60,356,62,54,386,64,178,52,48,76,58,90,72,342,126,134,64,62,262,148,306,386,132,132,68,106,134,132,148,154,134,118,62,196,98,80
253,68,56,50,48,54,58,56,56,58,48,50,54,410,250,132,74,54,48,46,56,54,434,544,822,440,396,396,502,726,322,430,524,228,176,212,94,84,100,66,110,344,354,368,242,134,124,68,60
254,62,60,58,58,56,50,48,48,48,52,52,52,134,590,60,152,232,140,52,212,96,76,56,186,284,420,182,82,60,68,74,90,72,68,106,74,152,146,162,160,136,256,344,346,334,142,86,76
255,66,62,72,72,70,70,62,62,58,58,60,68,424,434,362,104,62,64,60,60,58,60,52,52,52,56,86,68,70,70,68,68,324,1110,874,704,698,750,664,558,142,328,340,346,326,130,100,52
256,66,86,70,172,102,96,72,70,50,88,48,78,352,166,200,134,52,76,70,54,90,48,80,68,56,72,924,1358,1158,1164,1210,1146,1264,1168,992,520,190,242,334,482,490,288,114,112,116,116,112,112
257,114,112,106,106,104,104,106,106,112,68,58,52,426,384,280,302,58,60,62,62,60,378,456,506,618,418,444,488,438,434,398,538,324,312,318,322,286,420,336,182,182,140,156,144,152,138,134,138
258,118,68,64,64,64,62,64,62,64,58,56,128,158,106,70,80,562,464,224,184,178,176,178,176,176,174,178,160,338,232,376,730,1006,660,390,448,484,194,232,80,132,582,424,340,346,142,70,60
259,58,60,140,146,100,68,62,62,56,56,54,56,88,774,278,296,108,92,100,334,130,374,732,474,566,428,452,374,400,426,552,604,402,548,140,214,140,126,284,128,136,108,62,56,212,168,142,92
260,56,52,50,56,58,50,48,46,48,54,54,66,376,310,134,100,92,88,82,82,80,88,90,84,394,94,118,202,134,66,52,52,58,358,94,60,68,58,56,54,504,656,678,644,184,58,138,134
261,80,54,56,60,56,46,48,48,56,56,48,46,402,140,210,64,52,48,46,46,48,48,56,56,50,50,50,50,54,58,60,60,148,322,302,138,128,214,488,466,466,544,816,346,324,322,314,146
262,62,60,62,64,64,64,58,54,52,62,220,174,178,402,144,64,56,236,76,70,62,60,64,68,84,82,72,66,270,80,68,68,164,260,616,392,492,376,842,720,1040,648,628,642,600,288,106,74
263,90,66,56,60,70,68,56,54,52,60,62,66,468,276,262,54,48,52,58,178,100,86,64,56,266,54,52,56,62,68,426,366,120,136,126,158,184,130,254,276,228,144,248,158,102,66,66,54
264,48,50,60,58,50,48,48,58,56,46,48,48,202,432,104,240,68,52,48,46,58,58,48,48,356,202,136,134,82,54,54,256,62,62,60,52,54,52,60,62,82,90,364,512,128,140,70,48
265,58,58,46,54,58,46,50,56,44,186,94,68,52,46,356,90,148,126,252,112,306,138,170,132,452,182,444,572,606,510,382,314,508,398,194,154,186,936,848,132,278,406,274,178,198,132,192,106
266,104,104,58,94,52,56,76,62,50,64,70,56,354,272,150,132,150,114,380,618,594,534,570,976,614,622,624,624,604,600,572,608,606,600,636,792,722,728,406,178,302,404,230,202,166,166,114,94
267,74,96,72,70,70,72,80,78,66,66,64,72,90,134,346,134,546,162,198,276,278,162,186,326,610,214,688,454,744,158,110,818,950,118,82,94,108,70,86,76,294,482,518,436,298,206,164,170
268,142,232,108,96,66,58,62,70,70,64,380,290,378,346,408,512,292,258,184,272,410,174,78,54,84,56,50,64,66,60,48,50,58,66,64,56,50,50,60,232,290,326,572,558,350,376,236,130
269,92,58,56,48,48,46,48,52,52,50,50,52,48,52,70,118,114,524,242,116,58,114,162,96,54,56,56,250,358,128,400,154,84,122,138,170,140,274,338,146,132,252,116,386,174,158,136,92
270,56,56,56,54,54,54,54,52,54,52,50,48,50,48,48,272,74,74,60,64,258,60,54,56,56,130,228,238,214,196,188,122,360,388,366,522,600,452,208,344,494,750,570,588,156,94,82,52
271,70,80,50,58,76,64,50,60,70,66,50,56,66,244,552,418,400,252,96,90,128,142,64,46,98,174,104,60,78,66,52,54,72,70,56,52,64,72,64,52,54,70,68,54,50,60,96,574
272,132,110,58,60,58,50,44,50,58,58,58,46,404,134,382,114,58,52,364,182,218,568,124,128,132,160,678,366,174,188,210,392,458,198,456,446,458,444,444,376,370,282,324,402,422,412,200,96
273,50,58,58,56,56,54,52,48,48,46,48,54,52,72,86,116,226,506,340,390,566,172,84,438,60,84,298,136,432,686,352,138,80,140,230,138,148,150,150,154,150,148,150,126,256,162,138,122
274,116,90,64,62,58,48,48,52,58,148,126,86,62,50,62,282,288,108,124,196,72,70,468,256,170,308,196,140,160,146,78,78,110,92,266,184,166,166,74,98,184,348,340,348,400,212,166,166
275,108,60,78,64,52,56,70,68,54,50,58,62,62,60,116,118,122,128,658,168,150,204,170,132,238,232,74,76,86,86,108,416,308,302,250,336,274,262,224,220,238,204,200,228,212,200,386,222
276,220,154,136,146,154,150,138,134,138,146,148,144,136,522,338,810,482,308,206,62,54,54,64,66,68,360,360,164,242,192,192,84,86,88,154,462,148,396,390,368,264,214,68,72,58,64,126,134
277,72,52,48,54,62,62,58,46,48,54,60,58,56,46,320,494,362,564,700,604,292,388,590,496,414,412,472,290,164,90,252,386,774,1032,878,818,268,208,220,848,768,738,638,612,550,520,164,114
278,142,74,200,104,100,94,56,78,72,50,86,62,52,84,308,194,628,880,592,570,522,560,618,628,678,676,724,680,700,712,748,826,844,980,1094,1056,958,916,968,818,854,890,912,908,646,152,170,92
279,56,92,52,86,60,64,84,50,76,70,50,76,68,50,510,256,250,122,242,144,98,84,66,318,96,230,466,1014,844,542,598,482,110,58,64,94,50,72,142,114,126,382,330,276,100,62,46,64
280,104,52,46,66,76,180,100,58,70,70,48,46,64,340,62,58,46,598,312,56,82,76,66,50,62,76,56,280,160,148,166,204,144,170,630,774,740,648,632,562,274,278,242,172,164,138,56,88
281,48,76,66,48,72,68,46,62,70,52,46,66,200,346,62,318,104,60,252,230,62,48,62,76,178,290,148,74,88,284,1088,1368,1238,1122,1010,948,934,914,842,780,942,802,694,602,222,114,128,92
282,112,112,92,100,116,100,92,90,100,180,186,134,118,534,122,232,116,92,60,60,138,278,592,344,308,304,512,356,306,320,306,314,304,156,142,144,400,550,422,594,606,416,284,66,116,146,98,64
283,62,58,58,58,54,50,52,56,56,56,56,162,242,566,378,204,254,278,376,242,58,54,62,66,52,54,64,48,60,54,62,62,502,454,124,342,292,132,492,624,288,616,188,132,148,114,52,54
284,60,52,46,48,58,54,46,46,56,54,44,60,60,108,308,312,80,60,60,52,46,484,66,60,70,442,72,66,62,218,260,72,62,304,238,94,240,456,462,554,400,100,66,332,396,376,286,64
285,62,60,62,60,60,62,62,60,60,62,60,60,448,162,264,72,66,60,60,60,64,62,164,80,146,422,190,160,952,784,748,258,94,116,748,780,770,656,538,134,106,262,366,238,62,60,60,60
286,60,62,60,60,60,58,56,54,52,52,50,58,458,154,310,204,92,78,314,500,230,58,56,56,56,84,376,60,60,62,54,240,98,162,156,224,610,412,96,212,344,418,322,148,108,56,114,122
287,90,60,60,48,50,50,58,194,96,68,64,48,48,60,60,102,526,104,154,102,190,496,300,114,202,70,142,306,62,76,72,418,174,142,144,202,190,192,392,166,140,288,128,120,130,84,58,58
288,200,96,68,62,56,48,50,60,54,46,48,54,56,230,576,60,170,246,60,46,48,48,60,54,110,130,132,132,132,132,134,150,240,168,126,156,402,270,162,298,252,392,404,470,134,68,58,76
289,60,56,56,54,54,54,54,54,56,52,48,170,606,386,144,72,52,78,50,58,66,60,58,58,56,56,56,56,56,146,260,148,270,190,188,150,168,146,210,124,462,268,172,168,146,132,66,84
290,50,68,74,48,60,74,56,46,64,68,52,42,524,86,58,66,44,512,164,72,64,54,496,546,604,598,360,304,362,294,342,338,340,430,184,132,230,166,320,514,170,148,254,398,242,92,212,104
291,94,80,60,60,80,46,70,66,44,76,58,44,276,286,256,60,78,70,212,478,476,896,664,848,804,842,826,810,774,974,1138,906,900,952,992,996,972,886,856,866,774,770,740,148,156,106,92,58
292,80,84,54,92,44,94,48,88,56,78,212,100,110,344,260,204,92,52,92,74,64,92,44,92,46,118,448,168,116,156,396,362,244,298,180,224,432,500,578,568,222,352,348,356,350,146,76,80
293,60,50,80,50,52,76,48,50,72,52,44,68,64,106,122,176,142,374,192,474,644,420,90,92,348,308,420,80,78,86,334,132,92,148,152,302,348,146,162,272,254,382,644,426,316,68,62,60
294,60,62,54,52,52,50,56,60,56,50,46,48,350,468,360,88,206,520,1176,1220,1276,1644,1332,1206,1172,1198,1184,1408,1150,1190,1166,576,636,852,878,430,140,250,230,478,294,462,560,362,306,206,112,150
295,56,70,76,50,196,108,98,54,88,54,58,82,50,506,362,108,64,92,46,78,152,230,126,144,124,170,124,168,370,1140,1014,868,446,200,190,190,212,306,234,190,182,180,452,192,114,72,94,90
296,78,70,70,39,26,43,28,28,41,25,27,38,24,196,87,83,189,38,88,101,195,67,48,27,33,51,183,317,196,242,239,207,188,132,88,65,73,182,74,164,195,443,393,152,80,57,24,33
297,37,24,34,35,34,89,51,46,26,29,37,27,22,165,85,87,100,50,32,23,33,36,40,46,103,291,88,35,43,44,152,89,47,97,85,70,82,65,84,71,162,275,187,161,146,81,56,75
298,53,48,30,24,39,25,26,37,23,25,34,26,143,103,161,47,101,36,36,146,145,157,155,144,158,153,143,160,154,153,168,204,594,656,576,621,495,83,69,67,134,189,161,141,45,39,41,28
299,47,29,31,45,27,31,44,28,29,42,31,30,201,72,133,186,219,105,100,58,63,90,149,28,120,144,83,65,86,30,40,137,59,88,63,33,31,40,39,31,80,52,36,35,132,150,153,141
300,90,88,87,83,49,29,83,60,48,28,26,28,35,39,36,28,201,91,107,57,34,35,48,45,237,51,98,80,79,140,113,35,46,68,83,75,68,71,75,75,72,67,67,128,88,126,83,81
301,86,79,64,59,57,56,54,53,53,53,53,52,52,52,52,167,100,217,195,48,84,77,105,137,144,44,68,41,69,44,70,59,70,123,249,254,176,84,79,77,216,320,149,74,78,62,62,38
302,31,30,30,26,25,25,29,30,25,24,23,28,29,22,24,27,31,136,157,157,32,62,83,71,83,68,47,37,37,35,35,39,38,37,182,173,62,88,87,84,142,90,79,69,57,40,27,29
303,29,29,25,25,24,28,29,27,24,23,25,29,27,186,72,93,169,51,37,33,39,37,132,63,88,87,104,207,45,44,42,129,24,56,60,60,160,68,109,82,85,345,189,183,48,26,26,26
304,24,25,24,25,25,26,26,26,24,59,67,113,98,288,105,33,24,22,22,22,23,25,26,25,24,27,138,50,49,89,61,33,214,100,81,70,67,119,149,103,83,74,48,35,33,31,29,30
305,28,28,28,27,70,63,44,27,26,26,25,28,28,215,101,49,33,32,29,28,29,28,29,28,28,28,28,29,28,29,29,28,38,184,150,94,138,94,124,170,156,158,82,108,57,44,27,25
306,24,24,25,26,26,27,23,22,22,22,22,28,119,194,260,45,22,23,24,25,25,21,21,23,22,23,25,25,161,24,22,22,23,31,21,120,26,34,34,29,59,118,257,177,74,34,88,45
307,30,27,21,22,24,26,30,21,22,22,25,26,23,21,93,21,159,37,33,59,282,129,160,164,108,378,204,203,243,374,225,211,193,105,72,66,63,61,177,275,109,181,83,56,52,88,49,33
308,31,29,24,24,25,29,29,25,24,24,24,28,56,55,177,120,59,205,65,217,228,310,220,138,38,29,118,243,239,237,106,207,262,212,78,70,74,228,127,208,211,292,132,61,60,60,33,25
309,24,25,28,29,29,28,27,25,24,24,23,24,24,168,138,52,121,93,29,28,28,27,26,26,26,148,177,92,59,93,55,54,63,87,79,74,81,75,76,76,165,71,71,68,66,69,63,40
310,28,28,28,31,30,30,28,29,25,26,25,25,98,316,144,74,53,48,41,85,162,163,303,189,177,154,166,151,152,153,247,174,155,154,110,86,73,32,71,78,81,182,181,126,42,37,33,25
311,33,35,31,89,49,44,24,35,33,23,24,33,82,202,171,121,33,26,37,34,26,26,26,31,33,33,37,30,31,31,186,531,521,462,458,421,414,205,76,148,153,211,160,71,48,20,45,25
312,39,33,29,36,26,36,25,35,30,33,33,30,254,134,61,56,114,96,32,22,48,79,48,245,48,76,74,146,101,512,503,570,537,525,464,441,393,360,143,176,173,253,170,160,41,35,33,33
313,33,31,31,30,30,31,30,52,79,51,33,50,123,329,87,37,33,31,33,35,34,35,33,30,32,160,71,43,44,38,30,35,53,79,81,90,86,97,103,67,199,154,101,107,84,80,45,29
314,36,37,31,28,28,34,33,34,27,26,26,30,80,63,218,75,123,82,82,82,142,117,34,32,222,62,44,30,37,152,186,140,81,266,48,50,35,43,45,36,214,315,236,87,60,79,57,65
315,40,24,37,34,24,31,37,26,23,35,34,25,23,198,254,441,257,219,173,215,183,120,37,28,53,143,205,215,149,55,119,72,71,340,76,88,66,55,305,212,203,204,176,208,71,62,54,43
316,32,22,32,34,25,94,51,46,25,24,30,32,74,229,66,38,35,28,24,30,33,149,27,33,33,26,26,31,64,41,36,56,111,124,113,138,103,118,364,258,140,308,264,139,93,48,43,36
317,30,44,33,30,32,38,37,29,29,29,31,33,98,354,121,49,35,31,29,29,29,29,31,74,134,402,211,215,174,235,199,306,170,264,147,70,93,80,77,86,82,94,117,77,56,48,42,41
318,41,40,43,44,43,42,42,41,41,41,42,40,257,141,193,108,94,54,37,33,30,131,40,31,98,41,88,180,388,381,476,335,340,338,354,299,281,264,242,268,241,193,173,166,169,52,27,28
319,37,103,62,48,29,27,32,35,32,25,28,40,109,220,46,130,286,40,53,28,27,33,34,133,46,130,128,69,46,34,33,33,353,406,448,472,384,76,80,78,162,355,87,63,63,41,30,29
320,36,38,31,29,28,30,33,35,42,32,28,28,27,223,44,46,31,33,33,31,31,174,140,85,77,92,103,280,562,534,629,662,519,530,223,32,41,25,46,26,404,372,342,337,305,277,271,68
321,100,28,37,36,26,38,92,51,42,28,25,33,34,40,79,85,200,86,207,272,355,324,377,366,400,379,402,421,468,447,460,662,440,449,342,110,217,280,176,198,204,149,80,121,84,79,78,70
322,47,30,45,28,33,42,27,28,40,33,27,30,44,248,70,31,36,202,32,32,76,111,115,71,45,121,105,492,572,541,533,515,506,513,391,391,314,447,225,66,77,86,88,184,67,43,33,40
323,44,31,29,35,39,35,30,29,32,36,35,35,31,192,222,106,53,48,31,32,44,46,240,129,88,50,92,93,88,63,62,216,523,453,462,428,400,397,140,80,92,91,70,68,51,88,106,84
324,60,57,56,67,48,52,32,37,44,31,39,49,71,214,272,147,51,36,45,37,31,38,41,76,285,165,159,166,186,203,179,163,162,272,195,101,44,108,169,277,365,162,170,230,168,195,82,41
325,33,30,27,27,28,27,28,29,30,29,28,30,235,115,107,31,27,27,27,28,29,70,70,48,206,36,30,29,29,38,38,43,263,147,99,86,100,133,241,189,157,129,61,67,69,50,29,30
326,37,36,32,28,29,30,83,63,49,31,30,38,191,138,145,45,37,31,28,112,51,42,44,51,43,41,41,44,34,53,102,230,35,36,49,33,38,47,33,191,263,50,49,32,41,41,31,30
327,39,36,28,28,31,35,35,30,27,28,30,33,33,288,151,48,37,29,29,30,36,63,73,33,32,122,191,97,62,41,40,49,65,81,82,84,90,84,230,494,311,103,91,99,92,95,101,59
328,32,44,32,28,36,39,30,29,29,36,35,88,88,106,385,159,70,80,58,43,39,45,29,46,30,32,38,37,37,53,105,59,59,155,598,588,458,387,368,412,352,188,150,153,167,95,132,50
329,51,64,31,30,43,37,29,29,35,37,34,33,30,253,67,41,115,126,47,221,283,192,64,79,385,386,371,403,385,393,363,439,385,418,276,217,133,36,229,196,401,483,212,77,56,76,74,51
330,65,64,57,62,52,66,49,69,51,58,61,23,227,164,135,87,70,65,64,62,40,40,48,50,46,41,40,40,46,54,233,826,515,535,426,475,504,253,150,173,144,103,318,129,51,47,46,45
331,45,44,34,37,37,34,30,40,24,37,31,21,277,226,195,141,34,33,45,147,69,39,44,55,270,191,233,177,172,168,177,193,189,188,150,212,462,403,163,343,225,165,176,179,113,53,29,52
332,29,45,37,34,47,30,42,106,59,53,45,37,257,140,52,55,41,33,45,28,42,37,157,90,55,48,37,269,298,172,264,241,357,219,209,207,85,215,157,163,167,173,177,60,77,56,57,31
333,31,42,24,37,36,24,37,35,24,34,38,25,174,129,168,64,41,33,24,35,71,58,32,37,32,25,197,148,68,50,36,31,46,421,106,59,81,74,223,139,66,68,48,23,32,35,27,23
334,33,33,26,22,32,32,27,22,30,31,29,22,163,58,157,132,25,29,33,29,92,80,80,38,102,56,45,73,63,229,142,84,166,125,44,55,34,30,34,46,30,27,39,38,65,27,35,34
335,25,25,34,34,26,23,33,33,29,23,30,32,152,42,24,30,182,54,26,23,34,96,53,37,38,26,118,76,73,226,76,92,80,82,84,60,95,129,200,418,305,194,57,36,31,41,31,26
336,38,37,25,31,39,32,24,32,36,30,24,40,94,158,261,62,34,38,46,35,29,40,38,27,33,41,33,128,161,64,167,132,125,86,102,111,67,95,112,71,104,94,78,78,73,72,40,47
337,37,90,54,49,26,45,30,27,40,31,24,39,141,210,215,137,26,37,39,24,41,35,25,71,75,127,445,120,69,66,66,174,455,364,255,93,69,184,132,142,100,252,85,147,84,59,41,57
338,43,45,55,39,48,50,36,48,48,37,45,52,212,253,72,50,37,45,28,29,59,76,75,161,215,276,211,155,160,163,163,368,162,157,412,584,422,391,353,452,261,160,310,169,170,85,36,65
339,87,52,49,28,47,28,29,40,31,25,37,36,214,225,32,36,45,25,31,39,27,26,38,35,26,34,41,28,30,34,56,182,481,409,437,380,75,64,96,127,186,178,160,167,114,73,30,48
340,30,42,30,41,27,43,23,47,21,45,24,38,205,163,139,60,34,79,95,61,56,34,55,35,446,476,413,401,412,424,547,507,458,440,433,368,374,372,292,191,151,199,143,67,86,128,61,53
341,50,49,24,49,27,45,24,48,21,46,26,42,150,128,112,61,131,94,23,45,29,34,44,27,35,66,57,76,96,508,490,711,521,485,468,447,423,430,434,630,580,379,312,101,52,39,50,49
342,48,30,49,30,47,33,44,32,52,100,55,56,229,110,114,47,33,49,27,42,33,30,45,26,45,150,405,412,398,451,446,152,80,73,61,193,474,430,482,357,96,91,126,85,80,99,66,29
343,42,35,28,34,39,31,26,38,38,27,27,38,69,416,114,43,42,214,162,78,66,72,67,43,60,65,102,337,605,475,476,411,379,383,364,343,337,353,326,304,299,324,307,295,60,65,46,26
344,27,35,36,29,25,32,35,33,26,25,34,34,35,61,114,301,64,53,42,47,87,52,49,28,32,316,501,454,467,450,455,441,444,447,583,578,489,413,366,440,477,362,182,108,71,44,35,49
345,27,48,59,87,54,51,49,48,24,49,26,42,178,116,176,73,41,46,27,51,27,40,38,56,44,57,146,167,155,162,397,642,645,654,631,472,452,478,479,489,556,455,120,67,80,62,53,33
346,45,37,32,50,31,36,46,31,38,43,30,39,48,292,172,85,55,51,49,30,42,38,29,39,41,30,57,97,96,41,119,76,129,151,42,72,46,57,70,96,171,76,66,61,74,31,27,70
347,76,51,39,36,28,28,36,35,28,26,28,34,35,273,104,151,34,36,34,33,27,27,28,209,91,138,105,83,53,28,31,121,99,86,81,67,100,73,68,165,323,231,178,173,88,37,40,39
348,28,26,31,33,32,27,25,26,30,31,30,29,25,255,110,47,32,32,31,27,25,25,28,30,107,336,72,102,32,30,29,29,35,139,65,118,103,84,236,181,70,64,75,72,68,42,33,39
349,34,28,31,38,35,27,28,36,35,32,26,27,35,292,83,98,89,110,67,76,83,27,29,35,34,32,36,158,77,60,51,126,210,77,73,75,71,63,64,64,53,67,212,231,71,72,69,60
350,24,29,29,29,30,23,23,26,31,30,32,23,24,310,135,335,169,104,108,160,145,156,70,39,34,33,30,26,27,33,32,33,30,62,136,124,49,34,93,132,126,96,138,61,58,29,25,27
351,30,29,28,23,22,25,27,30,28,23,92,119,210,217,45,96,133,25,33,30,28,22,24,29,29,30,24,26,29,30,32,128,46,50,84,86,39,127,84,178,187,337,264,301,209,78,37,37
352,24,24,31,31,28,22,25,95,52,39,33,24,42,407,78,27,23,32,32,27,165,42,29,28,29,23,23,26,29,30,30,27,24,25,34,271,74,70,159,192,226,167,167,165,218,160,65,36
353,26,25,33,32,29,24,25,30,30,30,22,23,29,325,75,112,98,27,30,29,29,33,135,62,60,56,41,33,47,28,55,77,65,126,98,94,94,309,174,170,235,74,86,69,80,45,41,34
354,32,42,24,44,29,31,41,24,39,32,26,42,288,156,93,153,74,32,215,141,65,25,32,38,31,67,71,103,217,152,146,279,265,335,324,94,161,141,183,233,160,233,47,69,55,42,36,21
355,32,35,17,33,27,19,32,22,23,32,18,26,51,288,184,41,34,33,17,27,31,15,28,31,14,49,63,184,77,31,139,165,153,111,31,158,49,56,68,181,148,64,66,62,67,48,61,44
356,25,38,33,17,33,30,17,31,29,18,32,66,165,232,47,48,73,48,22,33,31,18,30,32,17,37,33,18,41,60,66,68,62,54,71,79,260,304,303,391,340,178,126,260,66,81,56,46
357,36,28,25,34,29,19,30,32,21,33,33,30,22,296,136,125,157,107,47,24,28,32,28,98,58,83,200,231,222,232,245,360,70,44,136,116,107,87,186,82,89,87,86,85,85,85,66,90
358,67,50,46,46,44,21,44,19,39,24,29,32,40,257,166,104,36,19,29,33,15,33,131,111,104,67,152,34,33,53,34,108,40,62,71,62,161,95,83,84,105,99,239,212,47,33,35,35
359,34,32,31,31,30,29,29,29,28,31,30,38,418,125,77,41,30,29,29,30,136,82,77,145,241,154,154,153,154,199,287,179,161,156,164,92,154,233,189,234,159,161,108,67,77,71,75,64
360,36,35,33,33,36,35,35,35,32,30,31,29,345,197,122,51,33,31,76,61,50,45,62,110,184,225,201,161,160,159,158,155,152,155,155,160,328,580,517,271,211,222,120,106,72,42,41,34
361,33,32,35,38,37,37,35,82,60,52,35,34,33,370,139,84,37,35,34,33,32,32,31,149,77,53,32,32,35,34,33,32,33,31,32,43,63,93,223,168,154,140,106,107,31,31,32,30
362,31,28,90,55,35,34,33,32,29,28,29,28,29,29,40,62,85,85,229,110,167,101,29,27,28,29,190,95,39,30,31,31,49,157,68,64,104,105,166,225,249,96,71,36,32,29,29,28
363,28,28,28,28,26,26,26,26,27,27,29,32,223,35,310,146,115,201,294,196,184,79,57,57,30,36,72,69,70,70,141,103,42,281,81,138,68,134,278,398,358,143,129,124,66,70,71,70
364,70,64,26,25,26,30,30,29,30,26,24,53,291,375,139,56,56,222,116,106,145,186,95,154,77,81,76,290,85,52,37,38,140,93,117,211,184,124,104,131,279,98,122,72,116,115,100,119
365,50,26,25,25,28,28,28,28,27,28,24,25,25,31,102,492,41,85,179,246,43,88,34,34,51,67,150,201,292,173,50,138,69,86,253,97,286,218,139,110,155,166,154,155,233,158,62,94
